-- phpMyAdmin SQL Dump
-- version 4.7.7
-- https://www.phpmyadmin.net/
--
-- Host: 127.0.0.1
-- Erstellungszeit: 09. Feb 2018 um 17:19
-- Server-Version: 10.2.12-MariaDB
-- PHP-Version: 7.2.2

SET SQL_MODE = "NO_AUTO_VALUE_ON_ZERO";
SET AUTOCOMMIT = 0;
START TRANSACTION;
SET time_zone = "+00:00";


/*!40101 SET @OLD_CHARACTER_SET_CLIENT=@@CHARACTER_SET_CLIENT */;
/*!40101 SET @OLD_CHARACTER_SET_RESULTS=@@CHARACTER_SET_RESULTS */;
/*!40101 SET @OLD_COLLATION_CONNECTION=@@COLLATION_CONNECTION */;
/*!40101 SET NAMES utf8mb4 */;

--
-- Datenbank: `leostats`
--

-- --------------------------------------------------------

--
-- Tabellenstruktur für Tabelle `adminlog`
--

CREATE TABLE `adminlog` (
  `ID` int(11) NOT NULL,
  `Zeit` datetime NOT NULL,
  `Initiator` text COLLATE utf8_bin NOT NULL,
  `Description` text COLLATE utf8_bin NOT NULL,
  `Show` tinyint(1) NOT NULL
) ENGINE=InnoDB DEFAULT CHARSET=utf8 COLLATE=utf8_bin;

--
-- Daten für Tabelle `adminlog`
--

INSERT INTO `adminlog` (`ID`, `Zeit`, `Initiator`, `Description`, `Show`) VALUES
(1, '2018-02-07 12:08:50', 'leo7044', 'Spieler angelegt', 1),
(2, '2018-02-08 15:14:05', 'BorkenKiller', 'Spieler angelegt', 1);

-- --------------------------------------------------------

--
-- Tabellenstruktur für Tabelle `alliance`
--

CREATE TABLE `alliance` (
  `Zeit` date NOT NULL,
  `WorldId` int(11) NOT NULL,
  `AllianceId` int(11) NOT NULL,
  `AllianceRank` int(5) NOT NULL,
  `EventRank` int(5) NOT NULL,
  `TotalScore` bigint(11) NOT NULL,
  `AverageScore` bigint(11) NOT NULL,
  `VP` bigint(10) NOT NULL,
  `VPh` int(7) NOT NULL,
  `BonusTiberium` int(8) NOT NULL,
  `BonusCrystal` int(8) NOT NULL,
  `BonusPower` int(8) NOT NULL,
  `BonusInfantrie` int(3) NOT NULL,
  `BonusVehicle` int(3) NOT NULL,
  `BonusAir` int(3) NOT NULL,
  `BonusDef` int(3) NOT NULL,
  `ScoreTib` bigint(10) NOT NULL,
  `ScoreCry` bigint(10) NOT NULL,
  `ScorePow` bigint(10) NOT NULL,
  `ScoreInf` bigint(10) NOT NULL,
  `ScoreVeh` bigint(10) NOT NULL,
  `ScoreAir` bigint(10) NOT NULL,
  `ScoreDef` bigint(10) NOT NULL,
  `RankTib` int(5) NOT NULL,
  `RankCry` int(5) NOT NULL,
  `RankPow` int(5) NOT NULL,
  `RankInf` int(5) NOT NULL,
  `RankVeh` int(5) NOT NULL,
  `RankAir` int(5) NOT NULL,
  `RankDef` int(5) NOT NULL
) ENGINE=InnoDB DEFAULT CHARSET=utf8 COLLATE=utf8_bin;

--
-- Daten für Tabelle `alliance`
--

INSERT INTO `alliance` (`Zeit`, `WorldId`, `AllianceId`, `AllianceRank`, `EventRank`, `TotalScore`, `AverageScore`, `VP`, `VPh`, `BonusTiberium`, `BonusCrystal`, `BonusPower`, `BonusInfantrie`, `BonusVehicle`, `BonusAir`, `BonusDef`, `ScoreTib`, `ScoreCry`, `ScorePow`, `ScoreInf`, `ScoreVeh`, `ScoreAir`, `ScoreDef`, `RankTib`, `RankCry`, `RankPow`, `RankInf`, `RankVeh`, `RankAir`, `RankDef`) VALUES
('2018-02-07', 264, 3712, 4, 1, 43442174261, 905045297, 0, 0, 7200000, 6660000, 3956000, 144, 140, 144, 137, 110000000, 72000000, 36000000, 39000000, 41500000, 38000000, 39000000, 1, 3, 6, 4, 5, 4, 6),
('2018-02-08', 264, 3712, 4, 1, 43505493933, 906364456, 0, 0, 7200000, 6660000, 3956000, 144, 140, 144, 137, 120000000, 72000000, 36000000, 39000000, 41500000, 38000000, 39000000, 1, 3, 6, 4, 5, 4, 6),
('2018-02-08', 264, 3851, 10, 1, 8995644111, 281113878, 0, 0, 2520000, 1574400, 4048000, 151, 144, 137, 127, 17600000, 10800000, 36700000, 47115000, 46050000, 32400000, 24900000, 7, 8, 5, 3, 4, 5, 7),
('2018-02-08', 373, 193, 7, 1, 378802544, 8609148, 0, 0, 900000, 537600, 1125000, 122, 115, 111, 110, 2750000, 915000, 3115000, 2300000, 1450000, 1000000, 1515000, 4, 7, 4, 3, 4, 4, 6),
('2018-02-09', 264, 3712, 4, 1, 43648447237, 909342650, 0, 0, 7200000, 6660000, 3956000, 144, 140, 144, 137, 120000000, 72000000, 36000000, 39000000, 41500000, 38000000, 39000000, 1, 3, 6, 4, 5, 4, 6),
('2018-02-09', 264, 3851, 10, 1, 9004263238, 281383226, 0, 0, 2520000, 1574400, 4048000, 151, 144, 137, 127, 17600000, 10800000, 36700000, 47115000, 46050000, 32400000, 24900000, 7, 8, 5, 3, 4, 5, 7),
('2018-02-09', 373, 193, 7, 1, 383081057, 8706387, 0, 0, 900000, 537600, 1125000, 122, 118, 111, 112, 2750000, 915000, 3115000, 2300000, 1515000, 1000000, 1665000, 4, 7, 4, 3, 3, 4, 5);

-- --------------------------------------------------------

--
-- Tabellenstruktur für Tabelle `bases`
--

CREATE TABLE `bases` (
  `Zeit` date NOT NULL,
  `WorldId` int(11) NOT NULL,
  `ID` int(11) NOT NULL,
  `LvLCY` int(2) NOT NULL,
  `LvLBase` decimal(4,2) NOT NULL,
  `LvLOff` decimal(4,2) NOT NULL,
  `LvLDef` decimal(4,2) NOT NULL,
  `LvLDF` int(2) NOT NULL,
  `LvLSup` int(2) NOT NULL,
  `SupArt` tinytext COLLATE utf8_bin NOT NULL,
  `Tib` bigint(10) NOT NULL,
  `Cry` bigint(10) NOT NULL,
  `Pow` bigint(10) NOT NULL,
  `Cre` bigint(10) NOT NULL,
  `Rep` int(7) NOT NULL,
  `CnCOpt` text COLLATE utf8_bin NOT NULL
) ENGINE=InnoDB DEFAULT CHARSET=utf8 COLLATE=utf8_bin;

--
-- Daten für Tabelle `bases`
--

INSERT INTO `bases` (`Zeit`, `WorldId`, `ID`, `LvLCY`, `LvLBase`, `LvLOff`, `LvLDef`, `LvLDF`, `LvLSup`, `SupArt`, `Tib`, `Cry`, `Pow`, `Cre`, `Rep`, `CnCOpt`) VALUES
('2018-02-07', 264, 93741, 65, '65.00', '66.68', '65.00', 65, 65, 'Art', 2916536460, 6025127427, 163609145, 1034552381, 0, 'http://cncopt.com/?map=3|N|N|000_76_151|..65s65s65s65y.65w...65s65n65s65s.65h...65s65n65n65s65h65h..65s65s65s65s65s65r65r..65s65n65n65s65d65h65p..65s65s65n65s.65h65e..65h65s65s65s65z............k65q65q65s65q65q65s65q65q65q65q65z65z65zjj65ql65shh65q65s.65s65z65qk65q65z65shhhhh65q65q65q65q65z65q65z65z65q.65z65z65skkk65sj....65q65q65z65q65q.jj.......65r65r65r65r65r65r65r65r.65l65l65l65l65l65l65l65l..................|7200000|6660000|3956000|144|140|144|137|newEconomy'),
('2018-02-07', 264, 891624, 65, '65.00', '1.00', '65.00', 65, 65, 'Art', 4050986095, 5605011579, 3956000, 0, 0, 'http://cncopt.com/?map=3|N|N|010_79_172|.65w.65y65s65s65s..65s65s65s.65s65n65s..65s65n65s65h65s65s65s..65s65n65s65h.65h65s65s65s65s65s65s65z..65s65n65s.65ht.t65h65s65n65s......65s65s65s.........65q65q65s65q65q65q65s65q65q65q65z65z65q65q65skkk65q65sh65zh.65z.65q65q65q.65sh65s65z65q65qkk65zl65zll65s65q65q65z.65s.65s65zhhh.65q65q65z65q65q..h.hhh........m...............................|7200000|6660000|3956000|144|140|144|137|newEconomy'),
('2018-02-07', 264, 2985008, 65, '65.00', '66.68', '65.00', 65, 65, 'Art', 4891217792, 5119209865, 163609145, 1847414967, 0, 'http://cncopt.com/?map=3|N|N|028_80_207|...65e.65w.65y.......65r65p..65h65s65s65s65h65r65h65r..65s65n65s.65r65h65d.65h65s65n65s65h65s65s65s..65s65n65s65h65s65n65n..65s65s65s65z65s65s65s.........65q65q65q65q65q65s65q65qj.65z65q65sk65z65z65q65q.hh65q65z65z65sll..65q65s65q65q65z65z65q....65sll65s65ql.65qjj65z65zhh...65q65z65s65q65s65qkk.l65qj65zh65q.65r65r65r65r65r65r65r65r.65l65l65l65l65l65l65l65l..................|7200000|6660000|3956000|144|140|144|137|newEconomy'),
('2018-02-07', 264, 6004591, 65, '65.00', '1.00', '65.00', 65, 65, 'Art', 3530972993, 5605011579, 3956000, 0, 0, 'http://cncopt.com/?map=3|N|N|053_83_271|65s65s65s.65y.65w..65s65n65s.65h65h65s65s65s65s65n65s.65z.65s65n65s65s65s65s.65h65h65s65s65s65s65n65s.65s....65s65n65s.65h65h...65s65s65s....65h..........65q65q65s65q65q65q65s65q65q65q65q65zll65z65z65q65qll65z65s65zj65s65qh65q65q65s65z65q65qkk65z65q65s65zjj65s65z65q65skk65q65z65q65q65zj65q..........hh..kk.j....m...............................|7200000|6660000|3956000|144|140|144|137|newEconomy'),
('2018-02-07', 264, 8348238, 65, '65.00', '1.00', '65.00', 65, 65, 'Art', 3336652308, 4924889180, 323262290, 4240843692, 0, 'http://cncopt.com/?map=3|N|N|069_86_396|.....65w.65y.65s65s65s65s65s65r65r65r.65s65n65s65n65s65h65p65h65z65n65n65s65n65s65r65r65r.65s65s65s65s65s65h65p65h..65h...65r65r65r.....65h65h............j65q65q65q65q65s65q65q65qj65qh65zl65z65q65q65sj65sh65z65q65s65s65zj65q65z65q65q65z65q65q65q65zk65q65zj65s65s65z65z65q..k65qll65zk65sk.....h65q65q....h..ll....m...............................|7200000|6660000|3956000|144|140|144|137|newEconomy'),
('2018-02-07', 264, 12376663, 65, '65.00', '1.00', '65.00', 65, 65, 'Art', 3468024039, 5605011579, 3956000, 0, 0, 'http://cncopt.com/?map=3|N|N|095_92_585|65s65s65s65w.65y65s65s65s65s65n65s.65h65h65s65n65s65s65s65s65z..65s65s65s....65h65h65h.....65s65s65s65s65s....65s65n65n65n65s..tt65s65s65s65s65s..........65q65q65s65q65q65s65q65qj65q65sk65z65q65q65z65s65q65zj65ql65zk65z65q65q65qj65z65q65s65sj65z65q65zj65s65z65s65q65z65z65sh65qllll65qj65q.......j..h.h...j.....m...............................|7200000|6660000|3956000|144|140|144|137|newEconomy'),
('2018-02-07', 264, 19029862, 65, '65.00', '66.68', '65.00', 65, 65, 'Art', 3336652308, 5605011579, 3956000, 812862585, 0, 'http://cncopt.com/?map=3|N|N|150_95_626|..65s65s65s65w.65y...65s65n65s.65h65h...65s65n65s65d65r65e...65s65s65s65h.65h.65s65s65s65n65s.65r65z.65s65n65s65n65s65h...65s65s65s65s65s65h.65h..........65q65q65q65q65q65s65q65q65qk65q65sj65zh65z65s65q65zh65z65q65s65z65z65q65q65q65qjj65z65skk65zll65q65s65z65z65s65q65q..65qkk65s65zll..j.65qj65q65q.ll........65r65r65r65r65r65r65r65r.65l65l65l65l65l65l65l65l..................|7200000|6660000|3956000|144|140|144|137|newEconomy'),
('2018-02-07', 264, 21446547, 65, '65.00', '66.68', '65.00', 65, 65, 'Art', 4016774707, 5313530551, 163609145, 1921311566, 0, 'http://cncopt.com/?map=3|N|N|174_95_668|.....65w.65y........65h...65s65s65s65e..65z65s65s65s65n65s65h65r65h.65s65n65s65n65s65h65r65p.65s65s65s65n65s.65r65r..65h65s65s65s65h65d65h...65s65n65s....65q65q65s65q65q65s65q65q65q..65q65q65zh65zkkj.65z65q65sh65s65q65q..ll65qh65z65z65q....65q65q65sl65z.k.65z65sjj65qkj.65z65s65q65q65z65z65s.hh65q65zkk65q65q.65r65r65r65r65r65r65r65r.65l65l65l65l65l65l65l65l..................|7200000|6660000|3956000|144|140|144|137|newEconomy'),
('2018-02-07', 264, 24958748, 65, '65.00', '66.68', '65.00', 65, 65, 'Art', 4696897106, 5410690894, 3956000, 738965987, 0, 'http://cncopt.com/?map=3|N|N|211_95_697|...65y.65w...65s65s65s65s.....65s65n65n65s65e65h65d..65s65s65s65s65s65s65s65s65s.65h.65h65s65n65n65n65s..65r65r65s65s65s65s65s..65h65z65h65h.65h..........h65q65q65s65q65q65s65q65q65q65qk65q65z65z65ql65q65q65s65q65zkk65z65qj65qh65z65q65s65s65q65z65z65z65q65s65q65sh65z65s65qjj65q65z65q65q65qll.........h.kkk.j.l.65r65r65r65r65r65r65r65r.65l65l65l65l65l65l65l65l..................|7200000|6660000|3956000|144|140|144|137|newEconomy'),
('2018-02-07', 264, 38264140, 65, '65.00', '66.68', '65.00', 65, 65, 'Art', 3239491965, 5410690894, 3956000, 812862585, 0, 'http://cncopt.com/?map=3|N|N|374_95_724|.65z.65y.65w.65d..65h..65h65s65s65s..65h65e65h65h65s65n65s...65r65r65s65s65s65s..65h65h.65s65n65n65s.....65s65n65s65s65s....65s65s65s65n65s......65s65s65s65q65q65s65q65q65s65q65qk65z65q65q65z65z65q65z65q65qll65s65zh65zjj65s65z65q65q65sh65s65q65qlj65s65q65zh65z65q65s65zj65z65q65q65qll65ql....65q......j.hhh...65r65r65r65r65r65r65r65r.65l65l65l65l65l65l65l65l..................|7200000|6660000|3956000|144|140|144|137|newEconomy'),
('2018-02-07', 264, 43620144, 65, '65.00', '66.68', '65.00', 65, 65, 'Art', 3239491965, 5313530551, 3956000, 443379592, 0, 'http://cncopt.com/?map=3|N|N|443_95_774|.65e.65w.65y65s65s65s.65h...65h65s65n65n.65h65d65h.65z65s65s65s...65h65r65h65s65s65s...65h..65s65n65s....65s65s65s65s65s....65s65n65n65s.....65s65s65s65s.65q65q65s65q65q65s65q65qj65qj65s65zhh65z65q65q65qj65z65q65q65sll65q65q65q65skk65z65q65s65q65q65zh65q65s65q65z65q65q65qj65s65q65z65q65q65qhl.65q65q65qkk......l..ll.65r65r65r65r65r65r65r65r.65l65l65l65l65l65l65l65l..................|7200000|6660000|3956000|144|140|144|137|newEconomy'),
('2018-02-07', 264, 55243652, 65, '65.00', '63.71', '65.00', 65, 65, 'Art', 7200000, 6660000, 11798218074, 0, 0, 'http://cncopt.com/?map=3|N|N|602_95_914|..t.65y.65w...tt.t65pc65p..65d.65e65p65ac65a65p..tt65p65p65p65p65p.65z65p65a65p65a65p65a65p.t65pcc65p65p65p65p..65pc65p65a65p65a65p..65p65a65p65p65p65p65p65q65q65q65s65q65q65s65q65q65qh65z65q65zll65z65q65q65z65q65s65q65z65q65s65q65qj65qkk65s65q65zj65q65s65q65z65ql65sl65q.65q65qh65s65zj65qhh..h65q65q65q..h....h.ll.55r56r56r57r57r61r62r63r.61l61l63l63l63l63l63l65l..................|7200000|6660000|3956000|144|140|144|137|newEconomy'),
('2018-02-07', 264, 60187464, 65, '65.00', '66.68', '65.00', 65, 65, 'Art', 4794057449, 4924889180, 163609145, 1995208165, 0, 'http://cncopt.com/?map=3|N|N|675|.65s65s65s65y.65w.65e.65s65n65s65h.65s65s65s.65s65n65s65h65h65s65n65n.65s65s65s65r65r65s65n65s..65h65h65p65h65s65s65s..65z65r65r65d.65h...................65q65q65s65q65q65s65q65qhk65s65q65zh65z65q65s65q65q65q65s65zh65z65qll65q65zj65q65s65q65z65q65q65q65qj65z65q65sll65q65q65s65ql65q65q65q65qhk65q65q65qh.k.h..l...k...65r65r65r65r65r65r65r65r.65l65l65l65l65l65l65l65l..................|7200000|6660000|3956000|144|140|144|137|newEconomy'),
('2018-02-07', 264, 64004861, 65, '65.00', '66.68', '65.00', 65, 65, 'Art', 4113935050, 4924889180, 163609145, 1921311566, 0, 'http://cncopt.com/?map=3|N|N|735|...65z.65w.65y.......65h65h.65s65s65s.65e65r65r65r65d65n65n65s65h65r65p65h65h.65s65s65s65h65s65s65s65h.....65s65n65s65s.....65s65n65n65s.....65s65s65s65s.65q65q65s65q65z65q65s65q65q65q65s65qk65qh65qlllll65s65zh65q65s65q65q65z65q65s65q65z65q65qkjj65zl65q65s65q65z65q65q65q65q65s65q65z65q65q65q...65q65q65q.kkjj..jj....65r65r65r65r65r65r65r65r.65l65l65l65l65l65l65l65l..................|7200000|6660000|3956000|144|140|144|137|newEconomy'),
('2018-02-07', 264, 67136145, 65, '65.00', '66.68', '65.00', 65, 65, 'Art', 4405416078, 5507851236, 3956000, 0, 0, 'http://cncopt.com/?map=3|N|N|783|...65y.65w....65h.65h..65h...65h65e65h65s65s65s65s65s65s.65s.65s65n65n65n65s65s65n65s65d65s65s65s65s65s65s65s65s65h65h65s65n65s.....65z65s65s65s..........65q65q65s65q65q65s65q65qh65q65s65qh65z65z65q65s65q65q65zl65q65sk65q65z65q65q65s65qhh65zh65q65q65q65z65q65s65q65z65q65s65q65q65q65skkkkk65q65qll65q....j...hh.l...65r65r65r65r65r65r65r65r.65l65l65l65l65l65l65l65l..................|7200000|6660000|3956000|144|140|144|137|newEconomy'),
('2018-02-07', 264, 95004789, 65, '65.00', '66.36', '65.00', 65, 65, 'Art', 7200000, 6660000, 13211376486, 0, 0, 'http://cncopt.com/?map=3|N|N|1297|...65w.65y65p65e65p.t..t.t65a65p..65p65p65p65p65p65p65p.t65p65acc65ac65a..65p65p65p65p65p65p65p..65p65acc65pc65p.t65p65p65pc65p65a65p...65d65p65a65p65z65p65q65q65s65q65q65s65q65qhkk65zkk65zl65qh65q65s65q65z65q65s65q65zhkk65sll65z65q65s65q65q65z65q65s65qhh65z65q65q65q65z65q65s65q65z65q65qhh65qj65qj65q............65r65r65r65r65r65r65r65r.63l64l64l65l65l65l65l65l..................|7200000|6660000|3956000|144|140|144|137|newEconomy'),
('2018-02-08', 264, 93741, 65, '65.00', '66.68', '65.00', 65, 65, 'Art', 2916536460, 6025127427, 163609145, 1034552381, 0, 'http://cncopt.com/?map=3|N|N|000_76_151|..65s65s65s65y.65w...65s65n65s65s.65h...65s65n65n65s65h65h..65s65s65s65s65s65r65r..65s65n65n65s65d65h65p..65s65s65n65s.65h65e..65h65s65s65s65z............k65q65q65s65q65q65s65q65q65q65q65z65z65zjj65ql65shh65q65s.65s65z65qk65q65z65shhhhh65q65q65q65q65z65q65z65z65q.65z65z65skkk65sj....65q65q65z65q65q.jj.......65r65r65r65r65r65r65r65r.65l65l65l65l65l65l65l65l..................|7200000|6660000|3956000|144|140|144|137|newEconomy'),
('2018-02-08', 264, 95388, 41, '42.44', '41.94', '36.51', 41, 44, 'Ion', 40240789, 37357746, 21837599, 0, 0, 'http://cncopt.com/?map=3|N|N|West|..41f.41w.41y.....t.32p31p...c42e.41b44n44n...44n33p44h34p33p49s...44i49s47a39q44n49d44h..45h45h33p33p44n49s...32p45a34p45a32p31p44h..32p32p33p32p33p31p..k.36q36q36q36w35f36w36q..36qj36q36mj36qhlll37m36q36q36q36q36m.39q36q36w35f36w36q36zk.39q36qlll37m37q38q.37zh36q36m36z36q36mh.37qh37q37q36wj37z37q39q37mh37m37z37q37qkk41v40s39s40s40v....41r41r41r41r.....42l40a40a40a42l....42t40c41t42q.....|2520000|1574400|4048000|151|144|137|127|newEconomy'),
('2018-02-08', 264, 593841, 35, '39.47', '36.76', '32.19', 31, 38, 'Ion', 29833519, 18275531, 13743359, 0, 0, 'http://cncopt.com/?map=3|N|N|Lucky Srike|39e.31w.35y43n38i.....44h43s43n43s..36fc27p27p27p27p27p43h...28p43at43a27p..37b44h28p27p26p27p27p44h..43s28p41a26p44h44s..42d43n43n28p26p34q.44h..........j32q31s31q31q31s31q31q.32q32q31q31qk31mh31qh32sk31q34f33p.34f32q.32z32qjjj.32m33ph.33m34p32z32m33m33q..33q32zkk31m31zj.l33q34p33m33sl.31m..hh33p32p32p33pll.....36s35s36a35a35a....37l36r38r34l38r.....35v35v35v35t.....38q35s34c34t|2520000|1574400|4048000|151|144|137|127|newEconomy'),
('2018-02-08', 264, 891624, 65, '65.00', '1.00', '65.00', 65, 65, 'Art', 4050986095, 5605011579, 3956000, 0, 0, 'http://cncopt.com/?map=3|N|N|010_79_172|.65w.65y65s65s65s..65s65s65s.65s65n65s..65s65n65s65h65s65s65s..65s65n65s65h.65h65s65s65s65s65s65s65z..65s65n65s.65ht.t65h65s65n65s......65s65s65s.........65q65q65s65q65q65q65s65q65q65q65z65z65q65q65skkk65q65sh65zh.65z.65q65q65q.65sh65s65z65q65qkk65zl65zll65s65q65q65z.65s.65s65zhhh.65q65q65z65q65q..h.hhh........m...............................|7200000|6660000|3956000|144|140|144|137|newEconomy'),
('2018-02-08', 264, 2273323, 41, '42.05', '0.00', '35.08', 32, 40, 'Ion', 57851678, 35115529, 23677345, 2209023, 0, 'http://cncopt.com/?map=3|N|N|Gauloises|....40i.32w.41y...47n..t33r32r.47h48s47n32r34rt32p31p....32p32p33p45a31p.48h48s47n32p45a32pt31p38r48h51s.33p32p32p31p31p.48h..cc32p45a31p.....36q32p31p31p.36q35q35q35q35q35q35q.lll35qkk35q35q..36q35q35s35q35m35qk..35q35f.35f35q35f35q.kk35s35zhh35s35qh.35q36p35m35m35z35mj.l35s35dll35z36p35zk.h36p35m35dj35p.35q....................................|2520000|1574400|4048000|151|144|137|127|newEconomy'),
('2018-02-08', 264, 2985008, 65, '65.00', '66.68', '65.00', 65, 65, 'Art', 4891217792, 5119209865, 163609145, 1847414967, 0, 'http://cncopt.com/?map=3|N|N|028_80_207|...65e.65w.65y.......65r65p..65h65s65s65s65h65r65h65r..65s65n65s.65r65h65d.65h65s65n65s65h65s65s65s..65s65n65s65h65s65n65n..65s65s65s65z65s65s65s.........65q65q65q65q65q65s65q65qj.65z65q65sk65z65z65q65q.hh65q65z65z65sll..65q65s65q65q65z65z65q....65sll65s65ql.65qjj65z65zhh...65q65z65s65q65s65qkk.l65qj65zh65q.65r65r65r65r65r65r65r65r.65l65l65l65l65l65l65l65l..................|7200000|6660000|3956000|144|140|144|137|newEconomy'),
('2018-02-08', 264, 6004591, 65, '65.00', '1.00', '65.00', 65, 65, 'Art', 3530972993, 5605011579, 3956000, 0, 0, 'http://cncopt.com/?map=3|N|N|053_83_271|65s65s65s.65y.65w..65s65n65s.65h65h65s65s65s65s65n65s.65z.65s65n65s65s65s65s.65h65h65s65s65s65s65n65s.65s....65s65n65s.65h65h...65s65s65s....65h..........65q65q65s65q65q65q65s65q65q65q65q65zll65z65z65q65qll65z65s65zj65s65qh65q65q65s65z65q65qkk65z65q65s65zjj65s65z65q65skk65q65z65q65q65zj65q..........hh..kk.j....m...............................|7200000|6660000|3956000|144|140|144|137|newEconomy'),
('2018-02-08', 264, 8348238, 65, '65.00', '1.00', '65.00', 65, 65, 'Art', 3336652308, 4924889180, 323262290, 4240843692, 0, 'http://cncopt.com/?map=3|N|N|069_86_396|.....65w.65y.65s65s65s65s65s65r65r65r.65s65n65s65n65s65h65p65h65z65n65n65s65n65s65r65r65r.65s65s65s65s65s65h65p65h..65h...65r65r65r.....65h65h............j65q65q65q65q65s65q65q65qj65qh65zl65z65q65q65sj65sh65z65q65s65s65zj65q65z65q65q65z65q65q65q65zk65q65zj65s65s65z65z65q..k65qll65zk65sk.....h65q65q....h..ll....m...............................|7200000|6660000|3956000|144|140|144|137|newEconomy'),
('2018-02-08', 264, 9370484, 45, '45.47', '43.51', '35.66', 38, 42, 'Ion', 98787533, 35503961, 59696953, 7949567, 0, 'http://cncopt.com/?map=3|N|N|John Player|.38w.45y..50e.42b.44h.43h...38n.38q49s55s49s50s38n49s..40r43h45h43h45s38n38n.52d40r41r42s40r.44s44s..40p43p45p42i..38n..40p54a39n39n.....40p43p45p41s.....h36q35q35m35q35q35q.kh36p35q35q36plll.38f36qk35qj35q35m35q.36q35z35s38f35p35zj35q.l35q35q35m35qk35sl.36s35qj35s36z36q36s..36z36m36mkk36m36q..36q36ql36q36qhh......44r44r44r46r49r....34r38r38r41r43r....30r31r31r47t49t....29r29r29r44c50t|2520000|1574400|4048000|151|144|137|127|newEconomy'),
('2018-02-08', 264, 12376663, 65, '65.00', '1.00', '65.00', 65, 65, 'Art', 3468024039, 5605011579, 3956000, 0, 0, 'http://cncopt.com/?map=3|N|N|095_92_585|65s65s65s65w.65y65s65s65s65s65n65s.65h65h65s65n65s65s65s65s65z..65s65s65s....65h65h65h.....65s65s65s65s65s....65s65n65n65n65s..tt65s65s65s65s65s..........65q65q65s65q65q65s65q65qj65q65sk65z65q65q65z65s65q65zj65ql65zk65z65q65q65qj65z65q65s65sj65z65q65zj65s65z65s65q65z65z65sh65qllll65qj65q.......j..h.h...j.....m...............................|7200000|6660000|3956000|144|140|144|137|newEconomy'),
('2018-02-08', 264, 12591059, 39, '42.38', '0.00', '38.00', 38, 38, 'Air', 13641045, 118641872, 26495290, 1507159, 0, 'http://cncopt.com/?map=3|N|N|Malboro|27p27p29p...38w43s39y27p47a29p44n44n45n.45h45h27p28p29p50s55s50s39q40r38x.t.45n45n45n30p28p28p......30p45a27p..t..t28p28p27p.....t27p45a27p......27p27p27p.38q38s38q38z38q38q38q38q.j38qh38ql38s38qll38q38sh38ql38q38q38z..38qh38z38qh38zhl.38q38q38q38qh38qh..38z38m38z38zh38z38qj.38q38s38qj38ml38sj.38q38q38q38q38q38q38q....................................|2520000|1574400|4048000|151|144|137|127|newEconomy'),
('2018-02-08', 264, 19029862, 65, '65.00', '66.68', '65.00', 65, 65, 'Art', 3336652308, 5605011579, 3956000, 812862585, 0, 'http://cncopt.com/?map=3|N|N|150_95_626|..65s65s65s65w.65y...65s65n65s.65h65h...65s65n65s65d65r65e...65s65s65s65h.65h.65s65s65s65n65s.65r65z.65s65n65s65n65s65h...65s65s65s65s65s65h.65h..........65q65q65q65q65q65s65q65q65qk65q65sj65zh65z65s65q65zh65z65q65s65z65z65q65q65q65qjj65z65skk65zll65q65s65z65z65s65q65q..65qkk65s65zll..j.65qj65q65q.ll........65r65r65r65r65r65r65r65r.65l65l65l65l65l65l65l65l..................|7200000|6660000|3956000|144|140|144|137|newEconomy'),
('2018-02-08', 264, 21446547, 65, '65.00', '66.68', '65.00', 65, 65, 'Art', 4016774707, 5313530551, 163609145, 1921311566, 0, 'http://cncopt.com/?map=3|N|N|174_95_668|.....65w.65y........65h...65s65s65s65e..65z65s65s65s65n65s65h65r65h.65s65n65s65n65s65h65r65p.65s65s65s65n65s.65r65r..65h65s65s65s65h65d65h...65s65n65s....65q65q65s65q65q65s65q65q65q..65q65q65zh65zkkj.65z65q65sh65s65q65q..ll65qh65z65z65q....65q65q65sl65z.k.65z65sjj65qkj.65z65s65q65q65z65z65s.hh65q65zkk65q65q.65r65r65r65r65r65r65r65r.65l65l65l65l65l65l65l65l..................|7200000|6660000|3956000|144|140|144|137|newEconomy'),
('2018-02-08', 264, 24958748, 65, '65.00', '66.68', '65.00', 65, 65, 'Art', 4696897106, 5410690894, 3956000, 738965987, 0, 'http://cncopt.com/?map=3|N|N|211_95_697|...65y.65w...65s65s65s65s.....65s65n65n65s65e65h65d..65s65s65s65s65s65s65s65s65s.65h.65h65s65n65n65n65s..65r65r65s65s65s65s65s..65h65z65h65h.65h..........h65q65q65s65q65q65s65q65q65q65qk65q65z65z65ql65q65q65s65q65zkk65z65qj65qh65z65q65s65s65q65z65z65z65q65s65q65sh65z65s65qjj65q65z65q65q65qll.........h.kkk.j.l.65r65r65r65r65r65r65r65r.65l65l65l65l65l65l65l65l..................|7200000|6660000|3956000|144|140|144|137|newEconomy'),
('2018-02-08', 264, 30025951, 36, '38.66', '29.70', '25.17', 25, 30, 'Art', 31906328, 14839127, 9239802, 100201, 0, 'http://cncopt.com/?map=3|N|N|Gamel|..43d.35e.25w.36y.42n.43h.42n42n....45s.45s44s44s30z..43h32b43h.43h42h....40s.36f27r25p40a25p.43h24p24p24pc24p23p23p..24p41acc24p40a23p...24p24p26q23p23p......22s22q22s24q..22s26w22m22z26q22qlk.kkk26sj22sl.h22z22q26z26q26q26z26z..l26s26q26z26z26sj..26z26q26z26q26q26qjk.h26z26sjj26z26q..26q26ql26q26qhh33r31r30r33r33z...31m30a27a27a26a.....28k27c26l27k26c....27t27t27t......|2520000|1574400|4048000|151|144|137|127|newEconomy'),
('2018-02-08', 264, 38264140, 65, '65.00', '66.68', '65.00', 65, 65, 'Art', 3239491965, 5410690894, 3956000, 812862585, 0, 'http://cncopt.com/?map=3|N|N|374_95_724|.65z.65y.65w.65d..65h..65h65s65s65s..65h65e65h65h65s65n65s...65r65r65s65s65s65s..65h65h.65s65n65n65s.....65s65n65s65s65s....65s65s65s65n65s......65s65s65s65q65q65s65q65q65s65q65qk65z65q65q65z65z65q65z65q65qll65s65zh65zjj65s65z65q65q65sh65s65q65qlj65s65q65zh65z65q65s65zj65z65q65q65qll65ql....65q......j.hhh...65r65r65r65r65r65r65r65r.65l65l65l65l65l65l65l65l..................|7200000|6660000|3956000|144|140|144|137|newEconomy'),
('2018-02-08', 264, 43620144, 65, '65.00', '66.68', '65.00', 65, 65, 'Art', 3239491965, 5313530551, 3956000, 443379592, 0, 'http://cncopt.com/?map=3|N|N|443_95_774|.65e.65w.65y65s65s65s.65h...65h65s65n65n.65h65d65h.65z65s65s65s...65h65r65h65s65s65s...65h..65s65n65s....65s65s65s65s65s....65s65n65n65s.....65s65s65s65s.65q65q65s65q65q65s65q65qj65qj65s65zhh65z65q65q65qj65z65q65q65sll65q65q65q65skk65z65q65s65q65q65zh65q65s65q65z65q65q65qj65s65q65z65q65q65qhl.65q65q65qkk......l..ll.65r65r65r65r65r65r65r65r.65l65l65l65l65l65l65l65l..................|7200000|6660000|3956000|144|140|144|137|newEconomy'),
('2018-02-08', 264, 55243652, 65, '65.00', '63.85', '65.00', 65, 65, 'Art', 7200000, 6660000, 11798218074, 0, 0, 'http://cncopt.com/?map=3|N|N|602_95_914|..t.65y.65w...tt.t65pc65p..65d.65e65p65ac65a65p..tt65p65p65p65p65p.65z65p65a65p65a65p65a65p.t65pcc65p65p65p65p..65pc65p65a65p65a65p..65p65a65p65p65p65p65p65q65q65q65s65q65q65s65q65q65qh65z65q65zll65z65q65q65z65q65s65q65z65q65s65q65qj65qkk65s65q65zj65q65s65q65z65ql65sl65q.65q65qh65s65zj65qhh..h65q65q65q..h....h.ll.56r56r56r57r59r61r62r63r.61l62l63l63l63l63l63l65l..................|7200000|6660000|3956000|144|140|144|137|newEconomy'),
('2018-02-08', 264, 60187464, 65, '65.00', '66.68', '65.00', 65, 65, 'Art', 4794057449, 4924889180, 163609145, 1995208165, 0, 'http://cncopt.com/?map=3|N|N|675|.65s65s65s65y.65w.65e.65s65n65s65h.65s65s65s.65s65n65s65h65h65s65n65n.65s65s65s65r65r65s65n65s..65h65h65p65h65s65s65s..65z65r65r65d.65h...................65q65q65s65q65q65s65q65qhk65s65q65zh65z65q65s65q65q65q65s65zh65z65qll65q65zj65q65s65q65z65q65q65q65qj65z65q65sll65q65q65s65ql65q65q65q65qhk65q65q65qh.k.h..l...k...65r65r65r65r65r65r65r65r.65l65l65l65l65l65l65l65l..................|7200000|6660000|3956000|144|140|144|137|newEconomy'),
('2018-02-08', 264, 64004861, 65, '65.00', '66.68', '65.00', 65, 65, 'Art', 4113935050, 4924889180, 163609145, 1921311566, 0, 'http://cncopt.com/?map=3|N|N|735|...65z.65w.65y.......65h65h.65s65s65s.65e65r65r65r65d65n65n65s65h65r65p65h65h.65s65s65s65h65s65s65s65h.....65s65n65s65s.....65s65n65n65s.....65s65s65s65s.65q65q65s65q65z65q65s65q65q65q65s65qk65qh65qlllll65s65zh65q65s65q65q65z65q65s65q65z65q65qkjj65zl65q65s65q65z65q65q65q65q65s65q65z65q65q65q...65q65q65q.kkjj..jj....65r65r65r65r65r65r65r65r.65l65l65l65l65l65l65l65l..................|7200000|6660000|3956000|144|140|144|137|newEconomy'),
('2018-02-08', 264, 67136145, 65, '65.00', '66.68', '65.00', 65, 65, 'Art', 4405416078, 5507851236, 3956000, 0, 0, 'http://cncopt.com/?map=3|N|N|783|...65y.65w....65h.65h..65h...65h65e65h65s65s65s65s65s65s.65s.65s65n65n65n65s65s65n65s65d65s65s65s65s65s65s65s65s65h65h65s65n65s.....65z65s65s65s..........65q65q65s65q65q65s65q65qh65q65s65qh65z65z65q65s65q65q65zl65q65sk65q65z65q65q65s65qhh65zh65q65q65q65z65q65s65q65z65q65s65q65q65q65skkkkk65q65qll65q....j...hh.l...65r65r65r65r65r65r65r65r.65l65l65l65l65l65l65l65l..................|7200000|6660000|3956000|144|140|144|137|newEconomy'),
('2018-02-08', 264, 95004789, 65, '65.00', '66.52', '65.00', 65, 65, 'Art', 7200000, 6660000, 13211376486, 0, 0, 'http://cncopt.com/?map=3|N|N|1297|...65w.65y65p65e65p.t..t.t65a65p..65p65p65p65p65p65p65p.t65p65acc65ac65a..65p65p65p65p65p65p65p..65p65acc65pc65p.t65p65p65pc65p65a65p...65d65p65a65p65z65p65q65q65s65q65q65s65q65qhkk65zkk65zl65qh65q65s65q65z65q65s65q65zhkk65sll65z65q65s65q65q65z65q65s65qhh65z65q65q65q65z65q65s65q65z65q65qhh65qj65qj65q............65r65r65r65r65r65r65r65r.64l64l65l65l65l65l65l65l..................|7200000|6660000|3956000|144|140|144|137|newEconomy'),
('2018-02-08', 373, 71368, 42, '43.20', '38.21', '39.00', 39, 40, 'Art', 60790576, 31249020, 28155435, 3851268, 0, 'http://cncopt.com/?map=3|N|N|Watcher|.48d.42y.39w35r34p35r....35r34p37r44h37r...43h37r39e49s44h45s.43n48s39q46s44h49s44h..43n43n..43h48s..35p39p42p45s.40z.43n.35p51a43n43n.....35p35p37p......j39m39m39m39m39m39m39mh39mh39m39mj39m39m39m39m39m39m39m39mj39m39mhhjj39m39m39mkk39m..39m39mk39m39m39m39m..k..........kk.lll..........36r36r36r36r37r37r37r37r.36l36l36l36l37l37l37l37l..................|900000|537600|1125000|122|115|111|110|newEconomy'),
('2018-02-09', 264, 93741, 65, '65.00', '66.68', '65.00', 65, 65, 'Art', 2916536460, 6025127427, 163609145, 1034552381, 42948, 'http://cncopt.com/?map=3|N|N|000_76_151|..65s65s65s65y.65w...65s65n65s65s.65h...65s65n65n65s65h65h..65s65s65s65s65s65r65r..65s65n65n65s65d65h65p..65s65s65n65s.65h65e..65h65s65s65s65z............k65q65q65s65q65q65s65q65q65q65q65z65z65zjj65ql65shh65q65s.65s65z65qk65q65z65shhhhh65q65q65q65q65z65q65z65z65q.65z65z65skkk65sj....65q65q65z65q65q.jj.......65r65r65r65r65r65r65r65r.65l65l65l65l65l65l65l65l..................|7200000|6660000|3956000|144|140|144|137|newEconomy'),
('2018-02-09', 264, 95388, 41, '42.44', '41.94', '36.51', 41, 44, 'Ion', 40240789, 37357746, 21837599, 0, 223035, 'http://cncopt.com/?map=3|N|N|West|..41f.41w.41y.....t.32p31p...c42e.41b44n44n...44n33p44h34p33p49s...44i49s47a39q44n49d44h..45h45h33p33p44n49s...32p45a34p45a32p31p44h..32p32p33p32p33p31p..k.36q36q36q36w35f36w36q..36qj36q36mj36qhlll37m36q36q36q36q36m.39q36q36w35f36w36q36zk.39q36qlll37m37q38q.37zh36q36m36z36q36mh.37qh37q37q36wj37z37q39q37mh37m37z37q37qkk41v40s39s40s40v....41r41r41r41r.....42l40a40a40a42l....42t40c41t42q.....|2520000|1574400|4048000|151|144|137|127|newEconomy'),
('2018-02-09', 264, 593841, 35, '39.47', '36.76', '32.19', 31, 38, 'Ion', 29833519, 18275531, 13743359, 0, 303294, 'http://cncopt.com/?map=3|N|N|Lucky Srike|39e.31w.35y43n38i.....44h43s43n43s..36fc27p27p27p27p27p43h...28p43at43a27p..37b44h28p27p26p27p27p44h..43s28p41a26p44h44s..42d43n43n28p26p34q.44h..........j32q31s31q31q31s31q31q.32q32q31q31qk31mh31qh32sk31q34f33p.34f32q.32z32qjjj.32m33ph.33m34p32z32m33m33q..33q32zkk31m31zj.l33q34p33m33sl.31m..hh33p32p32p33pll.....36s35s36a35a35a....37l36r38r34l38r.....35v35v35v35t.....38q35s34c34t|2520000|1574400|4048000|151|144|137|127|newEconomy'),
('2018-02-09', 264, 891624, 65, '65.00', '1.00', '65.00', 65, 65, 'Art', 4050986095, 5605011579, 3956000, 0, 10, 'http://cncopt.com/?map=3|N|N|010_79_172|.65w.65y65s65s65s..65s65s65s.65s65n65s..65s65n65s65h65s65s65s..65s65n65s65h.65h65s65s65s65s65s65s65z..65s65n65s.65ht.t65h65s65n65s......65s65s65s.........65q65q65s65q65q65q65s65q65q65q65z65z65q65q65skkk65q65sh65zh.65z.65q65q65q.65sh65s65z65q65qkk65zl65zll65s65q65q65z.65s.65s65zhhh.65q65q65z65q65q..h.hhh........m...............................|7200000|6660000|3956000|144|140|144|137|newEconomy'),
('2018-02-09', 264, 2273323, 41, '42.05', '0.00', '35.08', 32, 40, 'Ion', 57851678, 35115529, 23677345, 2209023, 468300, 'http://cncopt.com/?map=3|N|N|Gauloises|....40i.32w.41y...47n..t33r32r.47h48s47n32r34rt32p31p....32p32p33p45a31p.48h48s47n32p45a32pt31p38r48h51s.33p32p32p31p31p.48h..cc32p45a31p.....36q32p31p31p.36q35q35q35q35q35q35q.lll35qkk35q35q..36q35q35s35q35m35qk..35q35f.35f35q35f35q.kk35s35zhh35s35qh.35q36p35m35m35z35mj.l35s35dll35z36p35zk.h36p35m35dj35p.35q....................................|2520000|1574400|4048000|151|144|137|127|newEconomy'),
('2018-02-09', 264, 2985008, 65, '65.00', '66.68', '65.00', 65, 65, 'Art', 4891217792, 5119209865, 163609145, 1847414967, 43200, 'http://cncopt.com/?map=3|N|N|028_80_207|...65e.65w.65y.......65r65p..65h65s65s65s65h65r65h65r..65s65n65s.65r65h65d.65h65s65n65s65h65s65s65s..65s65n65s65h65s65n65n..65s65s65s65z65s65s65s.........65q65q65q65q65q65s65q65qj.65z65q65sk65z65z65q65q.hh65q65z65z65sll..65q65s65q65q65z65z65q....65sll65s65ql.65qjj65z65zhh...65q65z65s65q65s65qkk.l65qj65zh65q.65r65r65r65r65r65r65r65r.65l65l65l65l65l65l65l65l..................|7200000|6660000|3956000|144|140|144|137|newEconomy'),
('2018-02-09', 264, 6004591, 65, '65.00', '1.00', '65.00', 65, 65, 'Art', 3530972993, 5605011579, 3956000, 0, 13, 'http://cncopt.com/?map=3|N|N|053_83_271|65s65s65s.65y.65w..65s65n65s.65h65h65s65s65s65s65n65s.65z.65s65n65s65s65s65s.65h65h65s65s65s65s65n65s.65s....65s65n65s.65h65h...65s65s65s....65h..........65q65q65s65q65q65q65s65q65q65q65q65zll65z65z65q65qll65z65s65zj65s65qh65q65q65s65z65q65qkk65z65q65s65zjj65s65z65q65skk65q65z65q65q65zj65q..........hh..kk.j....m...............................|7200000|6660000|3956000|144|140|144|137|newEconomy'),
('2018-02-09', 264, 8348238, 65, '65.00', '1.00', '65.00', 65, 65, 'Art', 3336652308, 4924889180, 323262290, 4240843692, 12, 'http://cncopt.com/?map=3|N|N|069_86_396|.....65w.65y.65s65s65s65s65s65r65r65r.65s65n65s65n65s65h65p65h65z65n65n65s65n65s65r65r65r.65s65s65s65s65s65h65p65h..65h...65r65r65r.....65h65h............j65q65q65q65q65s65q65q65qj65qh65zl65z65q65q65sj65sh65z65q65s65s65zj65q65z65q65q65z65q65q65q65zk65q65zj65s65s65z65z65q..k65qll65zk65sk.....h65q65q....h..ll....m...............................|7200000|6660000|3956000|144|140|144|137|newEconomy'),
('2018-02-09', 264, 9370484, 45, '45.47', '43.51', '35.66', 38, 42, 'Ion', 98787533, 35503961, 59696953, 7949567, 43200, 'http://cncopt.com/?map=3|N|N|John Player|.38w.45y..50e.42b.44h.43h...38n.38q49s55s49s50s38n49s..40r43h45h43h45s38n38n.52d40r41r42s40r.44s44s..40p43p45p42i..38n..40p54a39n39n.....40p43p45p41s.....h36q35q35m35q35q35q.kh36p35q35q36plll.38f36qk35qj35q35m35q.36q35z35s38f35p35zj35q.l35q35q35m35qk35sl.36s35qj35s36z36q36s..36z36m36mkk36m36q..36q36ql36q36qhh......44r44r44r46r49r....34r38r38r41r43r....30r31r31r47t49t....29r29r29r44c50t|2520000|1574400|4048000|151|144|137|127|newEconomy'),
('2018-02-09', 264, 12376663, 65, '65.00', '1.00', '65.00', 65, 65, 'Art', 3468024039, 5605011579, 3956000, 0, 12, 'http://cncopt.com/?map=3|N|N|095_92_585|65s65s65s65w.65y65s65s65s65s65n65s.65h65h65s65n65s65s65s65s65z..65s65s65s....65h65h65h.....65s65s65s65s65s....65s65n65n65n65s..tt65s65s65s65s65s..........65q65q65s65q65q65s65q65qj65q65sk65z65q65q65z65s65q65zj65ql65zk65z65q65q65qj65z65q65s65sj65z65q65zj65s65z65s65q65z65z65sh65qllll65qj65q.......j..h.h...j.....m...............................|7200000|6660000|3956000|144|140|144|137|newEconomy'),
('2018-02-09', 264, 12591059, 39, '42.38', '0.00', '38.00', 38, 38, 'Air', 13641045, 118641872, 26495290, 1507159, 561600, 'http://cncopt.com/?map=3|N|N|Malboro|27p27p29p...38w43s39y27p47a29p44n44n45n.45h45h27p28p29p50s55s50s39q40r38x.t.45n45n45n30p28p28p......30p45a27p..t..t28p28p27p.....t27p45a27p......27p27p27p.38q38s38q38z38q38q38q38q.j38qh38ql38s38qll38q38sh38ql38q38q38z..38qh38z38qh38zhl.38q38q38q38qh38qh..38z38m38z38zh38z38qj.38q38s38qj38ml38sj.38q38q38q38q38q38q38q....................................|2520000|1574400|4048000|151|144|137|127|newEconomy'),
('2018-02-09', 264, 19029862, 65, '65.00', '66.68', '65.00', 65, 65, 'Art', 3336652308, 5605011579, 3956000, 812862585, 43200, 'http://cncopt.com/?map=3|N|N|150_95_626|..65s65s65s65w.65y...65s65n65s.65h65h...65s65n65s65d65r65e...65s65s65s65h.65h.65s65s65s65n65s.65r65z.65s65n65s65n65s65h...65s65s65s65s65s65h.65h..........65q65q65q65q65q65s65q65q65qk65q65sj65zh65z65s65q65zh65z65q65s65z65z65q65q65q65qjj65z65skk65zll65q65s65z65z65s65q65q..65qkk65s65zll..j.65qj65q65q.ll........65r65r65r65r65r65r65r65r.65l65l65l65l65l65l65l65l..................|7200000|6660000|3956000|144|140|144|137|newEconomy'),
('2018-02-09', 264, 21446547, 65, '65.00', '66.68', '65.00', 65, 65, 'Art', 4016774707, 5313530551, 163609145, 1921311566, 43200, 'http://cncopt.com/?map=3|N|N|174_95_668|.....65w.65y........65h...65s65s65s65e..65z65s65s65s65n65s65h65r65h.65s65n65s65n65s65h65r65p.65s65s65s65n65s.65r65r..65h65s65s65s65h65d65h...65s65n65s....65q65q65s65q65q65s65q65q65q..65q65q65zh65zkkj.65z65q65sh65s65q65q..ll65qh65z65z65q....65q65q65sl65z.k.65z65sjj65qkj.65z65s65q65q65z65z65s.hh65q65zkk65q65q.65r65r65r65r65r65r65r65r.65l65l65l65l65l65l65l65l..................|7200000|6660000|3956000|144|140|144|137|newEconomy'),
('2018-02-09', 264, 24958748, 65, '65.00', '66.68', '65.00', 65, 65, 'Art', 4696897106, 5410690894, 3956000, 738965987, 43200, 'http://cncopt.com/?map=3|N|N|211_95_697|...65y.65w...65s65s65s65s.....65s65n65n65s65e65h65d..65s65s65s65s65s65s65s65s65s.65h.65h65s65n65n65n65s..65r65r65s65s65s65s65s..65h65z65h65h.65h..........h65q65q65s65q65q65s65q65q65q65qk65q65z65z65ql65q65q65s65q65zkk65z65qj65qh65z65q65s65s65q65z65z65z65q65s65q65sh65z65s65qjj65q65z65q65q65qll.........h.kkk.j.l.65r65r65r65r65r65r65r65r.65l65l65l65l65l65l65l65l..................|7200000|6660000|3956000|144|140|144|137|newEconomy'),
('2018-02-09', 264, 30025951, 36, '38.66', '29.70', '25.17', 25, 30, 'Art', 31906328, 14839127, 9239802, 100201, 351155, 'http://cncopt.com/?map=3|N|N|Gamel|..43d.35e.25w.36y.42n.43h.42n42n....45s.45s44s44s30z..43h32b43h.43h42h....40s.36f27r25p40a25p.43h24p24p24pc24p23p23p..24p41acc24p40a23p...24p24p26q23p23p......22s22q22s24q..22s26w22m22z26q22qlk.kkk26sj22sl.h22z22q26z26q26q26z26z..l26s26q26z26z26sj..26z26q26z26q26q26qjk.h26z26sjj26z26q..26q26ql26q26qhh33r31r30r33r33z...31m30a27a27a26a.....28k27c26l27k26c....27t27t27t......|2520000|1574400|4048000|151|144|137|127|newEconomy'),
('2018-02-09', 264, 38264140, 65, '65.00', '66.68', '65.00', 65, 65, 'Art', 3239491965, 5410690894, 3956000, 812862585, 43200, 'http://cncopt.com/?map=3|N|N|374_95_724|.65z.65y.65w.65d..65h..65h65s65s65s..65h65e65h65h65s65n65s...65r65r65s65s65s65s..65h65h.65s65n65n65s.....65s65n65s65s65s....65s65s65s65n65s......65s65s65s65q65q65s65q65q65s65q65qk65z65q65q65z65z65q65z65q65qll65s65zh65zjj65s65z65q65q65sh65s65q65qlj65s65q65zh65z65q65s65zj65z65q65q65qll65ql....65q......j.hhh...65r65r65r65r65r65r65r65r.65l65l65l65l65l65l65l65l..................|7200000|6660000|3956000|144|140|144|137|newEconomy'),
('2018-02-09', 264, 43620144, 65, '65.00', '66.68', '65.00', 65, 65, 'Art', 3239491965, 5313530551, 3956000, 443379592, 43200, 'http://cncopt.com/?map=3|N|N|443_95_774|.65e.65w.65y65s65s65s.65h...65h65s65n65n.65h65d65h.65z65s65s65s...65h65r65h65s65s65s...65h..65s65n65s....65s65s65s65s65s....65s65n65n65s.....65s65s65s65s.65q65q65s65q65q65s65q65qj65qj65s65zhh65z65q65q65qj65z65q65q65sll65q65q65q65skk65z65q65s65q65q65zh65q65s65q65z65q65q65qj65s65q65z65q65q65qhl.65q65q65qkk......l..ll.65r65r65r65r65r65r65r65r.65l65l65l65l65l65l65l65l..................|7200000|6660000|3956000|144|140|144|137|newEconomy'),
('2018-02-09', 264, 55243652, 65, '65.00', '64.08', '65.00', 65, 65, 'Art', 7200000, 6660000, 11798218074, 0, 43200, 'http://cncopt.com/?map=3|N|N|602_95_914|..t.65y.65w...tt.t65pc65p..65d.65e65p65ac65a65p..tt65p65p65p65p65p.65z65p65a65p65a65p65a65p.t65pcc65p65p65p65p..65pc65p65a65p65a65p..65p65a65p65p65p65p65p65q65q65q65s65q65q65s65q65q65qh65z65q65zll65z65q65q65z65q65s65q65z65q65s65q65qj65qkk65s65q65zj65q65s65q65z65ql65sl65q.65q65qh65s65zj65qhh..h65q65q65q..h....h.ll.56r56r56r58r60r61r62r63r.62l62l63l63l63l63l64l65l..................|7200000|6660000|3956000|144|140|144|137|newEconomy'),
('2018-02-09', 264, 60187464, 65, '65.00', '66.68', '65.00', 65, 65, 'Art', 4794057449, 4924889180, 163609145, 1995208165, 43200, 'http://cncopt.com/?map=3|N|N|675|.65s65s65s65y.65w.65e.65s65n65s65h.65s65s65s.65s65n65s65h65h65s65n65n.65s65s65s65r65r65s65n65s..65h65h65p65h65s65s65s..65z65r65r65d.65h...................65q65q65s65q65q65s65q65qhk65s65q65zh65z65q65s65q65q65q65s65zh65z65qll65q65zj65q65s65q65z65q65q65q65qj65z65q65sll65q65q65s65ql65q65q65q65qhk65q65q65qh.k.h..l...k...65r65r65r65r65r65r65r65r.65l65l65l65l65l65l65l65l..................|7200000|6660000|3956000|144|140|144|137|newEconomy'),
('2018-02-09', 264, 64004861, 65, '65.00', '66.68', '65.00', 65, 65, 'Art', 4113935050, 4924889180, 163609145, 1921311566, 43200, 'http://cncopt.com/?map=3|N|N|735|...65z.65w.65y.......65h65h.65s65s65s.65e65r65r65r65d65n65n65s65h65r65p65h65h.65s65s65s65h65s65s65s65h.....65s65n65s65s.....65s65n65n65s.....65s65s65s65s.65q65q65s65q65z65q65s65q65q65q65s65qk65qh65qlllll65s65zh65q65s65q65q65z65q65s65q65z65q65qkjj65zl65q65s65q65z65q65q65q65q65s65q65z65q65q65q...65q65q65q.kkjj..jj....65r65r65r65r65r65r65r65r.65l65l65l65l65l65l65l65l..................|7200000|6660000|3956000|144|140|144|137|newEconomy'),
('2018-02-09', 264, 67136145, 65, '65.00', '66.68', '65.00', 65, 65, 'Art', 4405416078, 5507851236, 3956000, 0, 43200, 'http://cncopt.com/?map=3|N|N|783|...65y.65w....65h.65h..65h...65h65e65h65s65s65s65s65s65s.65s.65s65n65n65n65s65s65n65s65d65s65s65s65s65s65s65s65s65h65h65s65n65s.....65z65s65s65s..........65q65q65s65q65q65s65q65qh65q65s65qh65z65z65q65s65q65q65zl65q65sk65q65z65q65q65s65qhh65zh65q65q65q65z65q65s65q65z65q65s65q65q65q65skkkkk65q65qll65q....j...hh.l...65r65r65r65r65r65r65r65r.65l65l65l65l65l65l65l65l..................|7200000|6660000|3956000|144|140|144|137|newEconomy'),
('2018-02-09', 264, 95004789, 65, '65.00', '66.52', '65.00', 65, 65, 'Art', 7200000, 6660000, 13211376486, 0, 43200, 'http://cncopt.com/?map=3|N|N|1297|...65w.65y65p65e65p.t..t.t65a65p..65p65p65p65p65p65p65p.t65p65acc65ac65a..65p65p65p65p65p65p65p..65p65acc65pc65p.t65p65p65pc65p65a65p...65d65p65a65p65z65p65q65q65s65q65q65s65q65qhkk65zkk65zl65qh65q65s65q65z65q65s65q65zhkk65sll65z65q65s65q65q65z65q65s65qhh65z65q65q65q65z65q65s65q65z65q65qhh65qj65qj65q............65r65r65r65r65r65r65r65r.64l64l65l65l65l65l65l65l..................|7200000|6660000|3956000|144|140|144|137|newEconomy'),
('2018-02-09', 373, 71368, 42, '43.32', '38.21', '39.27', 40, 40, 'Art', 62405690, 32089156, 28167755, 3851268, 0, 'http://cncopt.com/?map=3|N|N|SatCode|.48d.42y.40w35r34p35r....35r34p37r44h37r...43h37r39e49s44h46s.43n48s40q46s44h49s44h..43n43n..44h48s..35p39p42p46s.40z.43n.35p51a43n43n.....35p35p37p......j39m39m39m39m39m39m39mh39mh39m39mj39m39m39m39m39m39m39m39mj39m39mhhjj39m40m40mkk39m..40m40mk40m40m40m40m..k..........kk.lll..........36r36r36r36r37r37r37r37r.36l36l36l36l37l37l37l37l..................|900000|537600|1125000|122|118|111|112|newEconomy');

-- --------------------------------------------------------

--
-- Tabellenstruktur für Tabelle `contact`
--

CREATE TABLE `contact` (
  `ID` int(11) NOT NULL,
  `Zeit` datetime NOT NULL,
  `WorldId` int(11) NOT NULL,
  `UserName` text COLLATE utf8_bin NOT NULL,
  `Email` text COLLATE utf8_bin NOT NULL,
  `description` text COLLATE utf8_bin NOT NULL
) ENGINE=InnoDB DEFAULT CHARSET=utf8 COLLATE=utf8_bin;

-- --------------------------------------------------------

--
-- Tabellenstruktur für Tabelle `login`
--

CREATE TABLE `login` (
  `AccountId` int(11) NOT NULL,
  `UserName` text COLLATE utf8_bin NOT NULL,
  `Password` text COLLATE utf8_bin NOT NULL
) ENGINE=InnoDB DEFAULT CHARSET=utf8 COLLATE=utf8_bin;

--
-- Daten für Tabelle `login`
--

INSERT INTO `login` (`AccountId`, `UserName`, `Password`) VALUES
(2791077, 'BorkenKiller', 'bb6fa4ab6a8771dee580fded7f2ae4c9'),
(2906176, 'leo7044', '3684c2c69316c14e9564c303439e564e');

-- --------------------------------------------------------

--
-- Tabellenstruktur für Tabelle `player`
--

CREATE TABLE `player` (
  `Zeit` date NOT NULL,
  `WorldId` int(11) NOT NULL,
  `AccountId` int(11) NOT NULL,
  `ScorePoints` bigint(11) NOT NULL,
  `CountBases` int(2) NOT NULL,
  `CountSup` int(2) NOT NULL,
  `OverallRank` int(5) NOT NULL,
  `EventRank` int(5) NOT NULL,
  `GesamtTiberium` bigint(11) NOT NULL,
  `GesamtCrystal` bigint(11) NOT NULL,
  `GesamtPower` bigint(11) NOT NULL,
  `GesamtCredits` bigint(11) NOT NULL,
  `ResearchPoints` bigint(15) NOT NULL,
  `Credits` bigint(15) NOT NULL,
  `Shoot` int(5) NOT NULL,
  `PvP` int(5) NOT NULL,
  `PvE` int(5) NOT NULL,
  `LvLOff` decimal(4,2) NOT NULL,
  `BaseD` decimal(4,2) NOT NULL,
  `OffD` decimal(4,2) NOT NULL,
  `DefD` decimal(4,2) NOT NULL,
  `DFD` decimal(4,2) NOT NULL,
  `SupD` decimal(4,2) NOT NULL,
  `VP` int(8) NOT NULL,
  `LP` int(7) NOT NULL,
  `RepMax` int(7) NOT NULL,
  `CPMax` int(5) NOT NULL,
  `CPCur` int(5) NOT NULL,
  `Funds` int(7) NOT NULL
) ENGINE=InnoDB DEFAULT CHARSET=utf8 COLLATE=utf8_bin;

--
-- Daten für Tabelle `player`
--

INSERT INTO `player` (`Zeit`, `WorldId`, `AccountId`, `ScorePoints`, `CountBases`, `CountSup`, `OverallRank`, `EventRank`, `GesamtTiberium`, `GesamtCrystal`, `GesamtPower`, `GesamtCredits`, `ResearchPoints`, `Credits`, `Shoot`, `PvP`, `PvE`, `LvLOff`, `BaseD`, `OffD`, `DefD`, `DFD`, `SupD`, `VP`, `LP`, `RepMax`, `CPMax`, `CPCur`, `Funds`) VALUES
('2018-02-07', 264, 2906176, 2108497934, 16, 16, 19, 1, 54051506315, 75308665274, 26182550575, 15768713086, 11417866277653, 89206420532004, 1319, 471, 848, '66.68', '65.00', '50.06', '65.00', '65.00', '65.00', 0, 0, 43200, 100, 100, 170276),
('2018-02-08', 264, 2791077, 8600645, 6, 6, 618, 1, 272260892, 259733766, 154690348, 11765950, 2948798723, 21263500626, 304, 210, 94, '43.51', '41.75', '25.32', '33.77', '34.17', '38.67', 0, 0, 43200, 100, 100, 6),
('2018-02-08', 264, 2906176, 2111076277, 16, 16, 19, 1, 54051506315, 75308665274, 26182550575, 15768713086, 11464530664572, 89492171646202, 1324, 471, 853, '66.68', '65.00', '50.07', '65.00', '65.00', '65.00', 0, 0, 43200, 100, 83, 170276),
('2018-02-08', 373, 2906176, 1757799, 1, 1, 610, 1, 60790576, 31249020, 28155435, 3851268, 703055355, 4806010954, 387, 169, 218, '38.21', '43.20', '38.21', '39.00', '39.00', '40.00', 0, 0, 43200, 100, 100, 170276),
('2018-02-09', 264, 2791077, 8600645, 6, 6, 619, 1, 272260892, 259733766, 154690348, 11765950, 2948798723, 21649496204, 304, 210, 94, '43.51', '41.75', '25.32', '33.77', '34.17', '38.67', 0, 0, 43200, 100, 100, 6),
('2018-02-09', 264, 2906176, 2112666710, 16, 16, 19, 1, 54051506315, 75308665274, 26182550575, 15768713086, 11504664116718, 89735928733042, 1332, 471, 861, '66.68', '65.00', '50.09', '65.00', '65.00', '65.00', 0, 0, 43200, 100, 31, 170276),
('2018-02-09', 373, 2906176, 1795283, 1, 1, 603, 1, 62405690, 32089156, 28167755, 3851268, 758938827, 5023875951, 387, 169, 218, '38.21', '43.32', '38.21', '39.27', '40.00', '40.00', 0, 0, 43200, 100, 100, 170276);

-- --------------------------------------------------------

--
-- Tabellenstruktur für Tabelle `relation_alliance`
--

CREATE TABLE `relation_alliance` (
  `WorldId` int(11) NOT NULL,
  `AllianceId` int(11) NOT NULL,
  `AllianceName` text COLLATE utf8_bin NOT NULL,
  `MemberRole` int(11) NOT NULL DEFAULT 0
) ENGINE=InnoDB DEFAULT CHARSET=utf8 COLLATE=utf8_bin;

--
-- Daten für Tabelle `relation_alliance`
--

INSERT INTO `relation_alliance` (`WorldId`, `AllianceId`, `AllianceName`, `MemberRole`) VALUES
(264, 3712, 'Blood Dragon', 3),
(264, 3851, '101st  GhostAirborne', 3),
(373, 193, 'Die Duempler', 3);

-- --------------------------------------------------------

--
-- Tabellenstruktur für Tabelle `relation_bases`
--

CREATE TABLE `relation_bases` (
  `WorldId` int(11) NOT NULL,
  `AccountId` int(11) NOT NULL,
  `BaseId` int(11) NOT NULL,
  `Name` text COLLATE utf8_bin NOT NULL
) ENGINE=InnoDB DEFAULT CHARSET=utf8 COLLATE=utf8_bin;

--
-- Daten für Tabelle `relation_bases`
--

INSERT INTO `relation_bases` (`WorldId`, `AccountId`, `BaseId`, `Name`) VALUES
(264, 2906176, 93741, '000_76_151'),
(264, 2791077, 95388, 'West'),
(264, 2791077, 593841, 'Lucky Srike'),
(264, 2906176, 891624, '010_79_172'),
(264, 2791077, 2273323, 'Gauloises'),
(264, 2906176, 2985008, '028_80_207'),
(264, 2906176, 6004591, '053_83_271'),
(264, 2906176, 8348238, '069_86_396'),
(264, 2791077, 9370484, 'John Player'),
(264, 2906176, 12376663, '095_92_585'),
(264, 2791077, 12591059, 'Malboro'),
(264, 2906176, 19029862, '150_95_626'),
(264, 2906176, 21446547, '174_95_668'),
(264, 2906176, 24958748, '211_95_697'),
(264, 2791077, 30025951, 'Gamel'),
(264, 2906176, 38264140, '374_95_724'),
(264, 2906176, 43620144, '443_95_774'),
(264, 2906176, 55243652, '602_95_914'),
(264, 2906176, 60187464, '675'),
(264, 2906176, 64004861, '735'),
(264, 2906176, 67136145, '783'),
(264, 2906176, 95004789, '1297'),
(373, 2906176, 71368, 'SatCode');

-- --------------------------------------------------------

--
-- Tabellenstruktur für Tabelle `relation_player`
--

CREATE TABLE `relation_player` (
  `WorldId` int(11) NOT NULL,
  `AllianceId` int(11) NOT NULL,
  `AccountId` int(11) NOT NULL,
  `MemberRole` int(11) NOT NULL
) ENGINE=InnoDB DEFAULT CHARSET=utf8 COLLATE=utf8_bin;

--
-- Daten für Tabelle `relation_player`
--

INSERT INTO `relation_player` (`WorldId`, `AllianceId`, `AccountId`, `MemberRole`) VALUES
(264, 3851, 2791077, 4),
(264, 3712, 2906176, 5),
(373, 193, 2906176, 1);

-- --------------------------------------------------------

--
-- Tabellenstruktur für Tabelle `relation_server`
--

CREATE TABLE `relation_server` (
  `WorldId` int(11) NOT NULL,
  `ServerName` text COLLATE utf8_bin NOT NULL,
  `SeasonServer` tinyint(1) NOT NULL
) ENGINE=InnoDB DEFAULT CHARSET=utf8 COLLATE=utf8_bin;

--
-- Daten für Tabelle `relation_server`
--

INSERT INTO `relation_server` (`WorldId`, `ServerName`, `SeasonServer`) VALUES
(264, 'Welt 35', 0),
(373, 'World Championship 2017', 0);

-- --------------------------------------------------------

--
-- Tabellenstruktur für Tabelle `substitution`
--

CREATE TABLE `substitution` (
  `WorldId` int(11) NOT NULL,
  `PlayerNameSet` text COLLATE utf8_bin NOT NULL,
  `PlayerNameGet` text COLLATE utf8_bin NOT NULL,
  `active` tinyint(1) NOT NULL
) ENGINE=InnoDB DEFAULT CHARSET=utf8 COLLATE=utf8_bin;

--
-- Daten für Tabelle `substitution`
--

INSERT INTO `substitution` (`WorldId`, `PlayerNameSet`, `PlayerNameGet`, `active`) VALUES
(264, 'BlinDManX', 'leo7044', 1),
(264, 'BorkenKiller', 'leo7044', 1),
(264, 'DCStats', 'leo7044', 0),
(264, 'DrNassman', 'leo7044', 0),
(264, 'Gilnoobia', 'leo7044', 0),
(264, 'Luigile', 'leo7044', 0),
(264, 'TETE_Kacze', 'leo7044', 1),
(264, 'aaahhhuuuggg', 'leo7044', 0),
(264, 'jingess', 'leo7044', 1),
(264, 'kutzki', 'leo7044', 0);

--
-- Indizes der exportierten Tabellen
--

--
-- Indizes für die Tabelle `adminlog`
--
ALTER TABLE `adminlog`
  ADD PRIMARY KEY (`ID`);

--
-- Indizes für die Tabelle `alliance`
--
ALTER TABLE `alliance`
  ADD PRIMARY KEY (`Zeit`,`WorldId`,`AllianceId`),
  ADD KEY `WorldId` (`WorldId`,`AllianceId`);

--
-- Indizes für die Tabelle `bases`
--
ALTER TABLE `bases`
  ADD PRIMARY KEY (`Zeit`,`WorldId`,`ID`),
  ADD KEY `WorldId` (`WorldId`,`ID`);

--
-- Indizes für die Tabelle `contact`
--
ALTER TABLE `contact`
  ADD PRIMARY KEY (`ID`),
  ADD KEY `WorldId` (`WorldId`);

--
-- Indizes für die Tabelle `login`
--
ALTER TABLE `login`
  ADD PRIMARY KEY (`AccountId`);

--
-- Indizes für die Tabelle `player`
--
ALTER TABLE `player`
  ADD PRIMARY KEY (`Zeit`,`WorldId`,`AccountId`),
  ADD KEY `WorldId` (`WorldId`),
  ADD KEY `AccountId` (`AccountId`);

--
-- Indizes für die Tabelle `relation_alliance`
--
ALTER TABLE `relation_alliance`
  ADD PRIMARY KEY (`WorldId`,`AllianceId`);

--
-- Indizes für die Tabelle `relation_bases`
--
ALTER TABLE `relation_bases`
  ADD PRIMARY KEY (`WorldId`,`BaseId`),
  ADD KEY `AccountId` (`AccountId`);

--
-- Indizes für die Tabelle `relation_player`
--
ALTER TABLE `relation_player`
  ADD PRIMARY KEY (`WorldId`,`AccountId`),
  ADD KEY `WorldId` (`WorldId`,`AllianceId`),
  ADD KEY `AccountId` (`AccountId`);

--
-- Indizes für die Tabelle `relation_server`
--
ALTER TABLE `relation_server`
  ADD PRIMARY KEY (`WorldId`);

--
-- Indizes für die Tabelle `substitution`
--
ALTER TABLE `substitution`
  ADD PRIMARY KEY (`WorldId`,`PlayerNameSet`(25));

--
-- AUTO_INCREMENT für exportierte Tabellen
--

--
-- AUTO_INCREMENT für Tabelle `adminlog`
--
ALTER TABLE `adminlog`
  MODIFY `ID` int(11) NOT NULL AUTO_INCREMENT, AUTO_INCREMENT=3;

--
-- AUTO_INCREMENT für Tabelle `contact`
--
ALTER TABLE `contact`
  MODIFY `ID` int(11) NOT NULL AUTO_INCREMENT;

--
-- Constraints der exportierten Tabellen
--

--
-- Constraints der Tabelle `alliance`
--
ALTER TABLE `alliance`
  ADD CONSTRAINT `alliance_ibfk_1` FOREIGN KEY (`WorldId`,`AllianceId`) REFERENCES `relation_alliance` (`WorldId`, `AllianceId`) ON DELETE CASCADE ON UPDATE CASCADE;

--
-- Constraints der Tabelle `bases`
--
ALTER TABLE `bases`
  ADD CONSTRAINT `bases_ibfk_1` FOREIGN KEY (`WorldId`,`ID`) REFERENCES `relation_bases` (`WorldId`, `BaseId`) ON DELETE CASCADE ON UPDATE CASCADE;

--
-- Constraints der Tabelle `contact`
--
ALTER TABLE `contact`
  ADD CONSTRAINT `contact_ibfk_1` FOREIGN KEY (`WorldId`) REFERENCES `relation_server` (`WorldId`) ON DELETE CASCADE ON UPDATE CASCADE;

--
-- Constraints der Tabelle `player`
--
ALTER TABLE `player`
  ADD CONSTRAINT `player_ibfk_1` FOREIGN KEY (`WorldId`) REFERENCES `relation_server` (`WorldId`) ON DELETE CASCADE ON UPDATE CASCADE,
  ADD CONSTRAINT `player_ibfk_2` FOREIGN KEY (`AccountId`) REFERENCES `login` (`AccountId`) ON DELETE CASCADE ON UPDATE CASCADE;

--
-- Constraints der Tabelle `relation_alliance`
--
ALTER TABLE `relation_alliance`
  ADD CONSTRAINT `relation_alliance_ibfk_1` FOREIGN KEY (`WorldId`) REFERENCES `relation_server` (`WorldId`) ON DELETE CASCADE ON UPDATE CASCADE;

--
-- Constraints der Tabelle `relation_bases`
--
ALTER TABLE `relation_bases`
  ADD CONSTRAINT `relation_bases_ibfk_1` FOREIGN KEY (`AccountId`) REFERENCES `login` (`AccountId`) ON DELETE CASCADE ON UPDATE CASCADE,
  ADD CONSTRAINT `relation_bases_ibfk_2` FOREIGN KEY (`WorldId`) REFERENCES `relation_server` (`WorldId`) ON DELETE CASCADE ON UPDATE CASCADE;

--
-- Constraints der Tabelle `relation_player`
--
ALTER TABLE `relation_player`
  ADD CONSTRAINT `relation_player_ibfk_1` FOREIGN KEY (`WorldId`,`AllianceId`) REFERENCES `relation_alliance` (`WorldId`, `AllianceId`) ON DELETE CASCADE ON UPDATE CASCADE,
  ADD CONSTRAINT `relation_player_ibfk_2` FOREIGN KEY (`AccountId`) REFERENCES `login` (`AccountId`) ON DELETE CASCADE ON UPDATE CASCADE;

--
-- Constraints der Tabelle `substitution`
--
ALTER TABLE `substitution`
  ADD CONSTRAINT `substitution_ibfk_1` FOREIGN KEY (`WorldId`) REFERENCES `relation_server` (`WorldId`) ON DELETE CASCADE ON UPDATE CASCADE;
COMMIT;

/*!40101 SET CHARACTER_SET_CLIENT=@OLD_CHARACTER_SET_CLIENT */;
/*!40101 SET CHARACTER_SET_RESULTS=@OLD_CHARACTER_SET_RESULTS */;
/*!40101 SET COLLATION_CONNECTION=@OLD_COLLATION_CONNECTION */;
